,precision,recall,f1-score,support
0,0.9529957635666734,0.7246510200951066,0.8232833739979086,6519.0
1,0.0761708697889861,0.3884514435695538,0.12736660929432014,381.0
accuracy,0.7060869565217391,0.7060869565217391,0.7060869565217391,0.7060869565217391
macro avg,0.5145833166778297,0.5565512318323302,0.4753249916461144,6900.0
weighted avg,0.9045797803015577,0.7060869565217391,0.7848566656860148,6900.0
