,Best_Threshold,ROC_AUC
0,0.5102199347963017,0.5873853895276435
